jour,vaccin_name,roll
2021-01-02,Pfizer,84
2021-01-02,Moderna,0
2021-01-02,AstraZeneca,0
2021-01-02,Janssen,0
2021-01-03,Pfizer,95.14285714285714
2021-01-03,Moderna,0
2021-01-03,AstraZeneca,0
2021-01-03,Janssen,0
2021-01-04,Pfizer,296
2021-01-04,Moderna,0
2021-01-04,AstraZeneca,0
2021-01-04,Janssen,0
2021-01-05,Pfizer,1057.142857142857
2021-01-05,Moderna,0
2021-01-05,AstraZeneca,0
2021-01-05,Janssen,0
2021-01-06,Pfizer,2659
2021-01-06,Moderna,0
2021-01-06,AstraZeneca,0
2021-01-06,Janssen,0
2021-01-07,Pfizer,6747.714285714285
2021-01-07,Moderna,0
2021-01-07,AstraZeneca,0
2021-01-07,Janssen,0
2021-01-08,Pfizer,11933.714285714286
2021-01-08,Moderna,0
2021-01-08,AstraZeneca,0
2021-01-08,Janssen,0
2021-01-09,Pfizer,13487.142857142857
2021-01-09,Moderna,0
2021-01-09,AstraZeneca,0
2021-01-09,Janssen,0
2021-01-10,Pfizer,14280.57142857143
2021-01-10,Moderna,0
2021-01-10,AstraZeneca,0
2021-01-10,Janssen,0
2021-01-11,Pfizer,19666.285714285714
2021-01-11,Moderna,0
2021-01-11,AstraZeneca,0
2021-01-11,Janssen,0
2021-01-12,Pfizer,27619.714285714286
2021-01-12,Moderna,0
2021-01-12,AstraZeneca,0
2021-01-12,Janssen,0
2021-01-13,Pfizer,35147.857142857145
2021-01-13,Moderna,0
2021-01-13,AstraZeneca,0
2021-01-13,Janssen,0
2021-01-14,Pfizer,42477.142857142855
2021-01-14,Moderna,22
2021-01-14,AstraZeneca,0
2021-01-14,Janssen,0
2021-01-15,Pfizer,46922.57142857143
2021-01-15,Moderna,53.142857142857146
2021-01-15,AstraZeneca,0
2021-01-15,Janssen,0
2021-01-16,Pfizer,48155.57142857143
2021-01-16,Moderna,79.57142857142857
2021-01-16,AstraZeneca,0
2021-01-16,Janssen,0
2021-01-17,Pfizer,48846.28571428572
2021-01-17,Moderna,80.14285714285714
2021-01-17,AstraZeneca,0
2021-01-17,Janssen,0
2021-01-18,Pfizer,54918
2021-01-18,Moderna,496.85714285714283
2021-01-18,AstraZeneca,0
2021-01-18,Janssen,0
2021-01-19,Pfizer,63934
2021-01-19,Moderna,1143.2857142857142
2021-01-19,AstraZeneca,0
2021-01-19,Janssen,0
2021-01-20,Pfizer,73449.85714285714
2021-01-20,Moderna,1846.7142857142858
2021-01-20,AstraZeneca,0
2021-01-20,Janssen,0
2021-01-21,Pfizer,83547.42857142857
2021-01-21,Moderna,2557.8571428571427
2021-01-21,AstraZeneca,0
2021-01-21,Janssen,0
2021-01-22,Pfizer,90219.28571428571
2021-01-22,Moderna,3224.5714285714284
2021-01-22,AstraZeneca,0
2021-01-22,Janssen,0
2021-01-23,Pfizer,92586.57142857143
2021-01-23,Moderna,3446.285714285714
2021-01-23,AstraZeneca,0
2021-01-23,Janssen,0
2021-01-24,Pfizer,92414.71428571429
2021-01-24,Moderna,3460.285714285714
2021-01-24,AstraZeneca,0
2021-01-24,Janssen,0
2021-01-25,Pfizer,91234.28571428571
2021-01-25,Moderna,3563.714285714286
2021-01-25,AstraZeneca,0
2021-01-25,Janssen,0
2021-01-26,Pfizer,87096
2021-01-26,Moderna,3453.8571428571427
2021-01-26,AstraZeneca,0
2021-01-26,Janssen,0
2021-01-27,Pfizer,83061.28571428571
2021-01-27,Moderna,3242.714285714286
2021-01-27,AstraZeneca,0
2021-01-27,Janssen,0
2021-01-28,Pfizer,78553.28571428571
2021-01-28,Moderna,3012.1428571428573
2021-01-28,AstraZeneca,0
2021-01-28,Janssen,0
2021-01-29,Pfizer,74808.71428571429
2021-01-29,Moderna,2754.714285714286
2021-01-29,AstraZeneca,0
2021-01-29,Janssen,0
2021-01-30,Pfizer,73591.71428571429
2021-01-30,Moderna,2658.5714285714284
2021-01-30,AstraZeneca,0
2021-01-30,Janssen,0
2021-01-31,Pfizer,72963
2021-01-31,Moderna,2644
2021-01-31,AstraZeneca,0
2021-01-31,Janssen,0
2021-02-01,Pfizer,69393.85714285714
2021-02-01,Moderna,2590.1428571428573
2021-02-01,AstraZeneca,0
2021-02-01,Janssen,0
2021-02-02,Pfizer,65288.142857142855
2021-02-02,Moderna,2669.285714285714
2021-02-02,AstraZeneca,0
2021-02-02,Janssen,0
2021-02-03,Pfizer,60100.28571428572
2021-02-03,Moderna,2896.1428571428573
2021-02-03,AstraZeneca,0
2021-02-03,Janssen,0
2021-02-04,Pfizer,53940.142857142855
2021-02-04,Moderna,3070
2021-02-04,AstraZeneca,0
2021-02-04,Janssen,0
2021-02-05,Pfizer,50321
2021-02-05,Moderna,3289.8571428571427
2021-02-05,AstraZeneca,0
2021-02-05,Janssen,0
2021-02-06,Pfizer,49100.142857142855
2021-02-06,Moderna,3413.8571428571427
2021-02-06,AstraZeneca,50.57142857142857
2021-02-06,Janssen,0
2021-02-07,Pfizer,48893.71428571428
2021-02-07,Moderna,3419.8571428571427
2021-02-07,AstraZeneca,243.28571428571428
2021-02-07,Janssen,0
2021-02-08,Pfizer,47105.28571428572
2021-02-08,Moderna,4014.8571428571427
2021-02-08,AstraZeneca,619.5714285714286
2021-02-08,Janssen,0
2021-02-09,Pfizer,44748.57142857143
2021-02-09,Moderna,4579.857142857143
2021-02-09,AstraZeneca,1569.857142857143
2021-02-09,Janssen,0
2021-02-10,Pfizer,42595.28571428572
2021-02-10,Moderna,5167
2021-02-10,AstraZeneca,2893.714285714286
2021-02-10,Janssen,0
2021-02-11,Pfizer,40651
2021-02-11,Moderna,5927.857142857143
2021-02-11,AstraZeneca,4806
2021-02-11,Janssen,0
2021-02-12,Pfizer,39561.857142857145
2021-02-12,Moderna,6670.285714285715
2021-02-12,AstraZeneca,6674
2021-02-12,Janssen,0
2021-02-13,Pfizer,39002.71428571428
2021-02-13,Moderna,6825.857142857143
2021-02-13,AstraZeneca,7126.857142857143
2021-02-13,Janssen,0
2021-02-14,Pfizer,39002.42857142857
2021-02-14,Moderna,6862.142857142857
2021-02-14,AstraZeneca,7058.428571428572
2021-02-14,Janssen,0
2021-02-15,Pfizer,37252.57142857143
2021-02-15,Moderna,6280.714285714285
2021-02-15,AstraZeneca,8132.285714285715
2021-02-15,Janssen,0
2021-02-16,Pfizer,34706.42857142857
2021-02-16,Moderna,5803.857142857143
2021-02-16,AstraZeneca,8926.42857142857
2021-02-16,Janssen,0
2021-02-17,Pfizer,32346.14285714286
2021-02-17,Moderna,5084.571428571428
2021-02-17,AstraZeneca,9152.142857142857
2021-02-17,Janssen,0
2021-02-18,Pfizer,30340.571428571428
2021-02-18,Moderna,4396.428571428572
2021-02-18,AstraZeneca,9329
2021-02-18,Janssen,0
2021-02-19,Pfizer,28856.714285714286
2021-02-19,Moderna,3739.4285714285716
2021-02-19,AstraZeneca,9482.57142857143
2021-02-19,Janssen,0
2021-02-20,Pfizer,28555.428571428572
2021-02-20,Moderna,3560
2021-02-20,AstraZeneca,9434.714285714286
2021-02-20,Janssen,0
2021-02-21,Pfizer,28368
2021-02-21,Moderna,3546.1428571428573
2021-02-21,AstraZeneca,9388.857142857143
2021-02-21,Janssen,0
2021-02-22,Pfizer,28435.285714285714
2021-02-22,Moderna,3571.8571428571427
2021-02-22,AstraZeneca,9215
2021-02-22,Janssen,0
2021-02-23,Pfizer,29091.428571428572
2021-02-23,Moderna,3559.1428571428573
2021-02-23,AstraZeneca,9061
2021-02-23,Janssen,0
2021-02-24,Pfizer,29812.714285714286
2021-02-24,Moderna,3655
2021-02-24,AstraZeneca,9504
2021-02-24,Janssen,0
2021-02-25,Pfizer,29928.285714285714
2021-02-25,Moderna,3661.8571428571427
2021-02-25,AstraZeneca,13773.857142857143
2021-02-25,Janssen,0
2021-02-26,Pfizer,30166.285714285714
2021-02-26,Moderna,3515.714285714286
2021-02-26,AstraZeneca,20539.714285714286
2021-02-26,Janssen,0
2021-02-27,Pfizer,30477.14285714286
2021-02-27,Moderna,3478.4285714285716
2021-02-27,AstraZeneca,25018.571428571428
2021-02-27,Janssen,0
2021-02-28,Pfizer,30636.285714285714
2021-02-28,Moderna,3464.4285714285716
2021-02-28,AstraZeneca,25277.571428571428
2021-02-28,Janssen,0
2021-03-01,Pfizer,32740
2021-03-01,Moderna,3668.4285714285716
2021-03-01,AstraZeneca,26859
2021-03-01,Janssen,0
2021-03-02,Pfizer,35317.71428571428
2021-03-02,Moderna,3879.1428571428573
2021-03-02,AstraZeneca,30759.285714285714
2021-03-02,Janssen,0
2021-03-03,Pfizer,38204.857142857145
2021-03-03,Moderna,4089
2021-03-03,AstraZeneca,35634.857142857145
2021-03-03,Janssen,0
2021-03-04,Pfizer,41390.857142857145
2021-03-04,Moderna,4487.285714285715
2021-03-04,AstraZeneca,40917.857142857145
2021-03-04,Janssen,0
2021-03-05,Pfizer,45259.71428571428
2021-03-05,Moderna,4998.142857142857
2021-03-05,AstraZeneca,48896
2021-03-05,Janssen,0
2021-03-06,Pfizer,54728.71428571428
2021-03-06,Moderna,5443.571428571428
2021-03-06,AstraZeneca,61065
2021-03-06,Janssen,0
2021-03-07,Pfizer,63270
2021-03-07,Moderna,5755.428571428572
2021-03-07,AstraZeneca,68550.57142857143
2021-03-07,Janssen,0
2021-03-08,Pfizer,66145.57142857143
2021-03-08,Moderna,5614
2021-03-08,AstraZeneca,71733.85714285714
2021-03-08,Janssen,0
2021-03-09,Pfizer,70407.14285714286
2021-03-09,Moderna,5751.285714285715
2021-03-09,AstraZeneca,77427.71428571429
2021-03-09,Janssen,0
2021-03-10,Pfizer,74627.42857142857
2021-03-10,Moderna,5839.142857142857
2021-03-10,AstraZeneca,82005
2021-03-10,Janssen,0
2021-03-11,Pfizer,79199.71428571429
2021-03-11,Moderna,5984
2021-03-11,AstraZeneca,88593.71428571429
2021-03-11,Janssen,0
2021-03-12,Pfizer,83355.14285714286
2021-03-12,Moderna,5977.285714285715
2021-03-12,AstraZeneca,97793.85714285714
2021-03-12,Janssen,0
2021-03-13,Pfizer,84272.85714285714
2021-03-13,Moderna,6728.428571428572
2021-03-13,AstraZeneca,99465.42857142857
2021-03-13,Janssen,0
2021-03-14,Pfizer,81520.71428571429
2021-03-14,Moderna,7081.285714285715
2021-03-14,AstraZeneca,93619.57142857143
2021-03-14,Janssen,0
2021-03-15,Pfizer,86537.14285714286
2021-03-15,Moderna,8035.142857142857
2021-03-15,AstraZeneca,94958.57142857143
2021-03-15,Janssen,0
2021-03-16,Pfizer,91900.42857142857
2021-03-16,Moderna,9348.42857142857
2021-03-16,AstraZeneca,83910
2021-03-16,Janssen,0
2021-03-17,Pfizer,97408.14285714286
2021-03-17,Moderna,11211.714285714286
2021-03-17,AstraZeneca,72564.57142857143
2021-03-17,Janssen,0
2021-03-18,Pfizer,102812
2021-03-18,Moderna,13193.142857142857
2021-03-18,AstraZeneca,54512.42857142857
2021-03-18,Janssen,0
2021-03-19,Pfizer,107405.57142857143
2021-03-19,Moderna,15360.714285714286
2021-03-19,AstraZeneca,38534.57142857143
2021-03-19,Janssen,0
2021-03-20,Pfizer,105569.42857142857
2021-03-20,Moderna,17544
2021-03-20,AstraZeneca,29014.714285714286
2021-03-20,Janssen,0
2021-03-21,Pfizer,103003.57142857143
2021-03-21,Moderna,19361.714285714286
2021-03-21,AstraZeneca,27829.571428571428
2021-03-21,Janssen,0
2021-03-22,Pfizer,105730
2021-03-22,Moderna,20327.571428571428
2021-03-22,AstraZeneca,25742.14285714286
2021-03-22,Janssen,0
2021-03-23,Pfizer,108461.42857142857
2021-03-23,Moderna,21159.14285714286
2021-03-23,AstraZeneca,37605
2021-03-23,Janssen,0
2021-03-24,Pfizer,110234.57142857143
2021-03-24,Moderna,21681.428571428572
2021-03-24,AstraZeneca,50413.857142857145
2021-03-24,Janssen,0
2021-03-25,Pfizer,113366
2021-03-25,Moderna,22157.14285714286
2021-03-25,AstraZeneca,71574
2021-03-25,Janssen,0
2021-03-26,Pfizer,117692
2021-03-26,Moderna,22685.428571428572
2021-03-26,AstraZeneca,85122.14285714286
2021-03-26,Janssen,0
2021-03-27,Pfizer,122680.71428571429
2021-03-27,Moderna,21325.285714285714
2021-03-27,AstraZeneca,85582.85714285714
2021-03-27,Janssen,0
2021-03-28,Pfizer,124960.57142857143
2021-03-28,Moderna,20314
2021-03-28,AstraZeneca,85688.57142857143
2021-03-28,Janssen,0
2021-03-29,Pfizer,127161.14285714286
2021-03-29,Moderna,20492.714285714286
2021-03-29,AstraZeneca,88074.28571428571
2021-03-29,Janssen,0
2021-03-30,Pfizer,130684.57142857143
2021-03-30,Moderna,20764.571428571428
2021-03-30,AstraZeneca,89314.85714285714
2021-03-30,Janssen,0
2021-03-31,Pfizer,134826
2021-03-31,Moderna,21420.285714285714
2021-03-31,AstraZeneca,85409.28571428571
2021-03-31,Janssen,0
2021-04-01,Pfizer,138904.14285714287
2021-04-01,Moderna,22523
2021-04-01,AstraZeneca,76288.71428571429
2021-04-01,Janssen,0
2021-04-02,Pfizer,138597.14285714287
2021-04-02,Moderna,22948.428571428572
2021-04-02,AstraZeneca,65103.857142857145
2021-04-02,Janssen,0
2021-04-03,Pfizer,135344.57142857142
2021-04-03,Moderna,23105.14285714286
2021-04-03,AstraZeneca,60467.71428571428
2021-04-03,Janssen,0
2021-04-04,Pfizer,134003.57142857142
2021-04-04,Moderna,22928.85714285714
2021-04-04,AstraZeneca,60060.857142857145
2021-04-04,Janssen,0
2021-04-05,Pfizer,121700
2021-04-05,Moderna,21995.85714285714
2021-04-05,AstraZeneca,52998.857142857145
2021-04-05,Janssen,0
2021-04-06,Pfizer,120566.57142857143
2021-04-06,Moderna,22366.428571428572
2021-04-06,AstraZeneca,43945.42857142857
2021-04-06,Janssen,0
2021-04-07,Pfizer,124189.57142857143
2021-04-07,Moderna,22716.428571428572
2021-04-07,AstraZeneca,39493.857142857145
2021-04-07,Janssen,0
2021-04-08,Pfizer,128115.28571428571
2021-04-08,Moderna,23073.571428571428
2021-04-08,AstraZeneca,38457.142857142855
2021-04-08,Janssen,0
2021-04-09,Pfizer,135160.42857142858
2021-04-09,Moderna,23621
2021-04-09,AstraZeneca,49120.57142857143
2021-04-09,Janssen,0
2021-04-10,Pfizer,139272.57142857142
2021-04-10,Moderna,24010.428571428572
2021-04-10,AstraZeneca,54787.57142857143
2021-04-10,Janssen,0
2021-04-11,Pfizer,140371.85714285713
2021-04-11,Moderna,23818.14285714286
2021-04-11,AstraZeneca,55313.142857142855
2021-04-11,Janssen,0
2021-04-12,Pfizer,158122.2857142857
2021-04-12,Moderna,24486.714285714286
2021-04-12,AstraZeneca,61977.71428571428
2021-04-12,Janssen,0
2021-04-13,Pfizer,164328.7142857143
2021-04-13,Moderna,23393.85714285714
2021-04-13,AstraZeneca,70029.14285714286
2021-04-13,Janssen,0
2021-04-14,Pfizer,165934.85714285713
2021-04-14,Moderna,21547.714285714286
2021-04-14,AstraZeneca,75079.14285714286
2021-04-14,Janssen,0
2021-04-15,Pfizer,165843.42857142858
2021-04-15,Moderna,19455.571428571428
2021-04-15,AstraZeneca,77100.57142857143
2021-04-15,Janssen,0
2021-04-16,Pfizer,164712
2021-04-16,Moderna,17598.714285714286
2021-04-16,AstraZeneca,70053.14285714286
2021-04-16,Janssen,0
2021-04-17,Pfizer,165427.85714285713
2021-04-17,Moderna,16684
2021-04-17,AstraZeneca,66842.85714285714
2021-04-17,Janssen,0
2021-04-18,Pfizer,164741.85714285713
2021-04-18,Moderna,16394.428571428572
2021-04-18,AstraZeneca,67185.28571428571
2021-04-18,Janssen,0
2021-04-19,Pfizer,164075.14285714287
2021-04-19,Moderna,16349
2021-04-19,AstraZeneca,63426.28571428572
2021-04-19,Janssen,0
2021-04-20,Pfizer,162058.14285714287
2021-04-20,Moderna,16328.857142857143
2021-04-20,AstraZeneca,57627
2021-04-20,Janssen,0
2021-04-21,Pfizer,160062.7142857143
2021-04-21,Moderna,16641.571428571428
2021-04-21,AstraZeneca,53502.42857142857
2021-04-21,Janssen,0
2021-04-22,Pfizer,158358.7142857143
2021-04-22,Moderna,16864.285714285714
2021-04-22,AstraZeneca,48023
2021-04-22,Janssen,0
2021-04-23,Pfizer,157341.14285714287
2021-04-23,Moderna,17410.428571428572
2021-04-23,AstraZeneca,42028
2021-04-23,Janssen,126
2021-04-24,Pfizer,157921.57142857142
2021-04-24,Moderna,19131.285714285714
2021-04-24,AstraZeneca,39741.71428571428
2021-04-24,Janssen,347.7142857142857
2021-04-25,Pfizer,160444.14285714287
2021-04-25,Moderna,19661.285714285714
2021-04-25,AstraZeneca,39232.857142857145
2021-04-25,Janssen,364.42857142857144
2021-04-26,Pfizer,162931.57142857142
2021-04-26,Moderna,19722.14285714286
2021-04-26,AstraZeneca,38459.71428571428
2021-04-26,Janssen,769.4285714285714
2021-04-27,Pfizer,167487.14285714287
2021-04-27,Moderna,19727.571428571428
2021-04-27,AstraZeneca,36862.42857142857
2021-04-27,Janssen,2112.4285714285716
2021-04-28,Pfizer,173839.14285714287
2021-04-28,Moderna,20042.428571428572
2021-04-28,AstraZeneca,35444.42857142857
2021-04-28,Janssen,3511.285714285714
2021-04-29,Pfizer,182576.2857142857
2021-04-29,Moderna,20297.85714285714
2021-04-29,AstraZeneca,34113.28571428572
2021-04-29,Janssen,5782.428571428572
2021-04-30,Pfizer,192940
2021-04-30,Moderna,20457.571428571428
2021-04-30,AstraZeneca,31966.85714285714
2021-04-30,Janssen,8384.285714285714
2021-05-01,Pfizer,194853.57142857142
2021-05-01,Moderna,18987.714285714286
2021-05-01,AstraZeneca,28033.571428571428
2021-05-01,Janssen,8434.857142857143
2021-05-02,Pfizer,198802
2021-05-02,Moderna,18563.85714285714
2021-05-02,AstraZeneca,27586.714285714286
2021-05-02,Janssen,8481.42857142857
2021-05-03,Pfizer,208533.2857142857
2021-05-03,Moderna,18959
2021-05-03,AstraZeneca,26636.85714285714
2021-05-03,Janssen,8781.57142857143
2021-05-04,Pfizer,214763.42857142858
2021-05-04,Moderna,18821
2021-05-04,AstraZeneca,25019.571428571428
2021-05-04,Janssen,8619.42857142857
2021-05-05,Pfizer,220962.7142857143
2021-05-05,Moderna,18241.714285714286
2021-05-05,AstraZeneca,23552.714285714286
2021-05-05,Janssen,8079.571428571428
2021-05-06,Pfizer,226449.85714285713
2021-05-06,Moderna,17961
2021-05-06,AstraZeneca,22012.571428571428
2021-05-06,Janssen,7417.428571428572
2021-05-07,Pfizer,228126
2021-05-07,Moderna,17898.14285714286
2021-05-07,AstraZeneca,20398.714285714286
2021-05-07,Janssen,7392.714285714285
2021-05-08,Pfizer,235431.7142857143
2021-05-08,Moderna,18789.285714285714
2021-05-08,AstraZeneca,19996
2021-05-08,Janssen,7443.714285714285
2021-05-09,Pfizer,240095.7142857143
2021-05-09,Moderna,19718
2021-05-09,AstraZeneca,19821.714285714286
2021-05-09,Janssen,7470.428571428572
2021-05-10,Pfizer,240971.42857142858
2021-05-10,Moderna,21559
2021-05-10,AstraZeneca,20090
2021-05-10,Janssen,7779.428571428572
2021-05-11,Pfizer,248490
2021-05-11,Moderna,25149.714285714286
2021-05-11,AstraZeneca,20648.428571428572
2021-05-11,Janssen,8618.857142857143
2021-05-12,Pfizer,258851.57142857142
2021-05-12,Moderna,29639.571428571428
2021-05-12,AstraZeneca,20450.85714285714
2021-05-12,Janssen,9185
2021-05-13,Pfizer,255087.85714285713
2021-05-13,Moderna,33581
2021-05-13,AstraZeneca,15889
2021-05-13,Janssen,7783
2021-05-14,Pfizer,267262.14285714284
2021-05-14,Moderna,38723
2021-05-14,AstraZeneca,11692.142857142857
2021-05-14,Janssen,6165.428571428572
2021-05-15,Pfizer,282218.28571428574
2021-05-15,Moderna,45072.142857142855
2021-05-15,AstraZeneca,11767.285714285714
2021-05-15,Janssen,6356.285714285715
2021-05-16,Pfizer,288385.85714285716
2021-05-16,Moderna,49391.57142857143
2021-05-16,AstraZeneca,11657.142857142857
2021-05-16,Janssen,6318.142857142857
2021-05-17,Pfizer,297269.28571428574
2021-05-17,Moderna,51071
2021-05-17,AstraZeneca,10666.857142857143
2021-05-17,Janssen,5926
2021-05-18,Pfizer,306283.5714285714
2021-05-18,Moderna,52632.57142857143
2021-05-18,AstraZeneca,8733.57142857143
2021-05-18,Janssen,5134.571428571428
2021-05-19,Pfizer,311873.71428571426
2021-05-19,Moderna,53666.57142857143
2021-05-19,AstraZeneca,7601.857142857143
2021-05-19,Janssen,4499.714285714285
2021-05-20,Pfizer,331410.71428571426
2021-05-20,Moderna,55384.142857142855
2021-05-20,AstraZeneca,9072.57142857143
2021-05-20,Janssen,5613.714285714285
2021-05-21,Pfizer,335554.71428571426
2021-05-21,Moderna,55790.57142857143
2021-05-21,AstraZeneca,8815.142857142857
2021-05-21,Janssen,6319.428571428572
2021-05-22,Pfizer,332591
2021-05-22,Moderna,55166.57142857143
2021-05-22,AstraZeneca,8494.42857142857
2021-05-22,Janssen,6510
2021-05-23,Pfizer,327680.14285714284
2021-05-23,Moderna,54299.57142857143
2021-05-23,AstraZeneca,8452.857142857143
2021-05-23,Janssen,6519.428571428572
2021-05-24,Pfizer,317046.71428571426
2021-05-24,Moderna,50384.71428571428
2021-05-24,AstraZeneca,7461.428571428572
2021-05-24,Janssen,6033
2021-05-25,Pfizer,314702.85714285716
2021-05-25,Moderna,45608.57142857143
2021-05-25,AstraZeneca,6323.142857142857
2021-05-25,Janssen,5863.428571428572
2021-05-26,Pfizer,312570
2021-05-26,Moderna,40282.42857142857
2021-05-26,AstraZeneca,5717.142857142857
2021-05-26,Janssen,6153.857142857143
2021-05-27,Pfizer,310515.14285714284
2021-05-27,Moderna,34525.57142857143
2021-05-27,AstraZeneca,4807.428571428572
2021-05-27,Janssen,6852
2021-05-28,Pfizer,305723.71428571426
2021-05-28,Moderna,29551.428571428572
2021-05-28,AstraZeneca,4073.714285714286
2021-05-28,Janssen,8817
2021-05-29,Pfizer,302579.28571428574
2021-05-29,Moderna,25115.85714285714
2021-05-29,AstraZeneca,3846.1428571428573
2021-05-29,Janssen,9708.142857142857
2021-05-30,Pfizer,299371.5714285714
2021-05-30,Moderna,20443.714285714286
2021-05-30,AstraZeneca,3823.5714285714284
2021-05-30,Janssen,9769.57142857143
2021-05-31,Pfizer,309213.85714285716
2021-05-31,Moderna,22053.285714285714
2021-05-31,AstraZeneca,4036.1428571428573
2021-05-31,Janssen,11412.42857142857
2021-06-01,Pfizer,307179.71428571426
2021-06-01,Moderna,25494.285714285714
2021-06-01,AstraZeneca,3751.714285714286
2021-06-01,Janssen,13192.142857142857
2021-06-02,Pfizer,303432.85714285716
2021-06-02,Moderna,27975.714285714286
2021-06-02,AstraZeneca,3434.5714285714284
2021-06-02,Janssen,14146.42857142857
2021-06-03,Pfizer,300252.28571428574
2021-06-03,Moderna,31969.285714285714
2021-06-03,AstraZeneca,3039.1428571428573
2021-06-03,Janssen,14866.857142857143
2021-06-04,Pfizer,298949.5714285714
2021-06-04,Moderna,37080
2021-06-04,AstraZeneca,2565.1428571428573
2021-06-04,Janssen,14276.142857142857
2021-06-05,Pfizer,299282.28571428574
2021-06-05,Moderna,37648
2021-06-05,AstraZeneca,2379.285714285714
2021-06-05,Janssen,14040.57142857143
2021-06-06,Pfizer,302732.28571428574
2021-06-06,Moderna,37684.57142857143
2021-06-06,AstraZeneca,2362
2021-06-06,Janssen,14049.57142857143
2021-06-07,Pfizer,300124.71428571426
2021-06-07,Moderna,37606.57142857143
2021-06-07,AstraZeneca,2221.4285714285716
2021-06-07,Janssen,13548.57142857143
2021-06-08,Pfizer,296339.28571428574
2021-06-08,Moderna,37715.57142857143
2021-06-08,AstraZeneca,2041.857142857143
2021-06-08,Janssen,12757.142857142857
2021-06-09,Pfizer,293088.4285714286
2021-06-09,Moderna,37273.42857142857
2021-06-09,AstraZeneca,1907.4285714285713
2021-06-09,Janssen,12426.42857142857
2021-06-10,Pfizer,285989.71428571426
2021-06-10,Moderna,35999.857142857145
2021-06-10,AstraZeneca,1715.7142857142858
2021-06-10,Janssen,11838.285714285714
2021-06-11,Pfizer,278916.71428571426
2021-06-11,Moderna,34521.57142857143
2021-06-11,AstraZeneca,1483
2021-06-11,Janssen,11052
2021-06-12,Pfizer,276771.5714285714
2021-06-12,Moderna,33941.71428571428
2021-06-12,AstraZeneca,1371.7142857142858
2021-06-12,Janssen,10726.714285714286
2021-06-13,Pfizer,273050.28571428574
2021-06-13,Moderna,33709.71428571428
2021-06-13,AstraZeneca,1354.4285714285713
2021-06-13,Janssen,10715
2021-06-14,Pfizer,259813.42857142858
2021-06-14,Moderna,33289.142857142855
2021-06-14,AstraZeneca,1305.142857142857
2021-06-14,Janssen,10357.285714285714
2021-06-15,Pfizer,249007.85714285713
2021-06-15,Moderna,32248.571428571428
2021-06-15,AstraZeneca,1226.142857142857
2021-06-15,Janssen,9828.857142857143
2021-06-16,Pfizer,240083.42857142858
2021-06-16,Moderna,31661.285714285714
2021-06-16,AstraZeneca,1169.2857142857142
2021-06-16,Janssen,9362.57142857143
2021-06-17,Pfizer,230037.7142857143
2021-06-17,Moderna,30888
2021-06-17,AstraZeneca,1111.2857142857142
2021-06-17,Janssen,8724.857142857143
2021-06-18,Pfizer,222390
2021-06-18,Moderna,29690.14285714286
2021-06-18,AstraZeneca,1040.7142857142858
2021-06-18,Janssen,8074.285714285715
2021-06-19,Pfizer,215250.7142857143
2021-06-19,Moderna,28846.14285714286
2021-06-19,AstraZeneca,997.7142857142857
2021-06-19,Janssen,7808.857142857143
2021-06-20,Pfizer,210921.85714285713
2021-06-20,Moderna,28771.714285714286
2021-06-20,AstraZeneca,988.5714285714286
2021-06-20,Janssen,7773.571428571428
2021-06-21,Pfizer,205958.57142857142
2021-06-21,Moderna,27651.428571428572
2021-06-21,AstraZeneca,960.1428571428571
2021-06-21,Janssen,7542
2021-06-22,Pfizer,196305
2021-06-22,Moderna,26149
2021-06-22,AstraZeneca,920.4285714285714
2021-06-22,Janssen,7114.857142857143
2021-06-23,Pfizer,186485.7142857143
2021-06-23,Moderna,24955.85714285714
2021-06-23,AstraZeneca,881.5714285714286
2021-06-23,Janssen,6853.714285714285
2021-06-24,Pfizer,177064
2021-06-24,Moderna,23749.571428571428
2021-06-24,AstraZeneca,839
2021-06-24,Janssen,6536.142857142857
2021-06-25,Pfizer,166372.7142857143
2021-06-25,Moderna,21854.285714285714
2021-06-25,AstraZeneca,772
2021-06-25,Janssen,6207.285714285715
2021-06-26,Pfizer,157672.7142857143
2021-06-26,Moderna,20697
2021-06-26,AstraZeneca,749.1428571428571
2021-06-26,Janssen,6089
2021-06-27,Pfizer,155327.14285714287
2021-06-27,Moderna,20671.85714285714
2021-06-27,AstraZeneca,751.7142857142857
2021-06-27,Janssen,6085.571428571428
2021-06-28,Pfizer,150409.57142857142
2021-06-28,Moderna,20007.714285714286
2021-06-28,AstraZeneca,739
2021-06-28,Janssen,6035.285714285715
2021-06-29,Pfizer,146126.14285714287
2021-06-29,Moderna,18811.14285714286
2021-06-29,AstraZeneca,715.7142857142857
2021-06-29,Janssen,5891.142857142857
2021-06-30,Pfizer,142618.2857142857
2021-06-30,Moderna,18048.571428571428
2021-06-30,AstraZeneca,710.8571428571429
2021-06-30,Janssen,5807.714285714285
2021-07-01,Pfizer,140584
2021-07-01,Moderna,16841.85714285714
2021-07-01,AstraZeneca,688.5714285714286
2021-07-01,Janssen,5691.428571428572
2021-07-02,Pfizer,140437.14285714287
2021-07-02,Moderna,15459.57142857143
2021-07-02,AstraZeneca,677.2857142857143
2021-07-02,Janssen,5564.428571428572
2021-07-03,Pfizer,139320.85714285713
2021-07-03,Moderna,14831.857142857143
2021-07-03,AstraZeneca,677.2857142857143
2021-07-03,Janssen,5559
2021-07-04,Pfizer,139451.14285714287
2021-07-04,Moderna,14746
2021-07-04,AstraZeneca,675.2857142857143
2021-07-04,Janssen,5555.428571428572
2021-07-05,Pfizer,141140.57142857142
2021-07-05,Moderna,14205.142857142857
2021-07-05,AstraZeneca,676.5714285714286
2021-07-05,Janssen,5547.142857142857
2021-07-06,Pfizer,143369.2857142857
2021-07-06,Moderna,13425.142857142857
2021-07-06,AstraZeneca,685.2857142857143
2021-07-06,Janssen,5641.857142857143
2021-07-07,Pfizer,144310.42857142858
2021-07-07,Moderna,13075.714285714286
2021-07-07,AstraZeneca,682.7142857142857
2021-07-07,Janssen,5680.714285714285
2021-07-08,Pfizer,145968
2021-07-08,Moderna,12944
2021-07-08,AstraZeneca,679.2857142857143
2021-07-08,Janssen,5820.857142857143
